attr2,attr3
0.40523906358201,TRUE
0.385452324177992,FALSE
,FALSE
0.329002050502761,TRUE
0.074520904855825,
,
0.969789758231156,TRUE
,FALSE
0.505634016897658,TRUE
0.842117464750039,TRUE
